"Tanggal","SKU","Product Name","Lokasi Rack","Stock Available","Stock Bad","Stock LDP","Hub","expiry_date","msltc","qty_system","rack_name","l1_category_name","l2_category_name","MSLTC_date","remaining days","alert","Done","Remaks DCC","Fisik/System"
"26/09/2026","147060","Roti Gandum Kupas 10 Slices A Basics","L2-AMD-G6-T5-2","1","0","0","MTG - Menteng","29/09/2026","2","1","L2-AMD-G6-T5-2","Sarapan","Roti & Pastri","27/09/2026","1","🔴 HARD WARNING","","",""
"26/09/2026","149794","Bayam Hijau Konvensional Astro Farm","L1-CHL-DC4-T3-3","7","0","0","MTG - Menteng","28/09/2026","1","7","L1-CHL-DC4-T3-3","Sayur Segar","Sayur Konvensional","27/09/2026","1","🔴 HARD WARNING","","",""
"26/09/2026","472728","Paket Masak Sapo Tahu Astro Goods","L1-CHL-DC23-T3-9","1","0","0","MTG - Menteng","28/09/2026","2","1","L1-CHL-DC23-T3-9","Menu Praktis ","Paket Masak","26/09/2026","0","🔴 CRITICAL","","",""
"26/09/2026","10000000004854","Mangga Kweni Astro Farm","L1-AMF-RF5-T4-3","2","0","0","MTG - Menteng","28/09/2026","1","2","L1-AMF-RF5-T4-3","Buah Segar","Buah Lokal","27/09/2026","1","🔴 HARD WARNING","","",""
"26/09/2026","10000000004914","Kacang Panjang Organik","L1-CHL-DC7-T4-7","1","0","0","MTG - Menteng","27/09/2026","1","1","L1-CHL-DC7-T4-7","Sayur Segar","Sayur Organik","26/09/2026","0","🔴 CRITICAL","","",""
"26/09/2026","8993993981185","SIH Telur Ayam Negeri Nabati","L1-AMD-A3-T3-2","1","0","0","MTG - Menteng","06/10/2026","9","1","L1-AMD-A3-T3-2","Telur, Tahu & Tempe","Telur","27/09/2026","1","🔴 HARD WARNING","","",""
"26/09/2026","8992907001957","Sari Roti Tawar Gandum Kupas​","L2-AMD-G4-T2-4","1","0","0","MTG - Menteng","29/09/2026","2","1","L2-AMD-G4-T2-4","Sarapan","Roti & Pastri","27/09/2026","1","🔴 HARD WARNING","","",""
"26/09/2026","8994046010104","My Roti Tawar Gandum High Fiber 10 Slice","L2-AMD-G6-T6-3","1","0","0","MTG - Menteng","30/09/2026","3","1","L2-AMD-G6-T6-3","Sarapan","Roti & Pastri","27/09/2026","1","🔴 HARD WARNING","","",""
"26/09/2026","8992907952273","Sari Roti Sobek Cokelat Blueberry","L2-AMD-G5-T6-4","1","0","0","MTG - Menteng","30/09/2026","3","1","L2-AMD-G5-T6-4","Sarapan","Roti & Pastri","27/09/2026","1","🔴 HARD WARNING","","",""
"26/09/2026","745125242361","Bluder Cokro Bluder Keju Single","L2-AMD-G4-T5-4","1","0","0","MTG - Menteng","29/09/2026","2","1","L2-AMD-G4-T5-4","Sarapan","Roti & Pastri","27/09/2026","1","🔴 HARD WARNING","","",""
"26/09/2026","737712","Fumak Astro Farm","L1-CHL-DC6-T3-3","1","0","0","MTG - Menteng","28/09/2026","1","1","L1-CHL-DC6-T3-3","Sayur Segar","Sayur Konvensional","27/09/2026","1","🔴 HARD WARNING","","",""
"26/09/2026","418381","Raw Pet Gourmet Minis Salmon, Chicken & Spinach Makanan Basah Anjing","L1-FRZ-CF13-T2-K3-7","1","0","0","MTG - Menteng","27/10/2026","30","1","L1-FRZ-CF13-T2-K3-7","Perawatan Hewan","Makanan Anjing","27/09/2026","1","🔴 HARD WARNING","","",""
"26/09/2026","10000000000240","Roti Tawar: Shokupan Inspired A Basics 6pcs","L2-AMD-G6-T6-2","2","0","0","MTG - Menteng","29/09/2026","2","2","L2-AMD-G6-T6-2","Sarapan","Roti & Pastri","27/09/2026","1","🔴 HARD WARNING","","",""